language,prop_one_contrib
Ruby,0.34113975820532005
JavaScript,0.15792592683101916
CSS,0.08040313947980937
PHP,0.07180993841852318
C#,0.054442148599474015
HTML,0.04263775005618418
Python,0.039525097026120413
Java,0.01001908874181018
C++,0.005415771582837436
C,0.0035649398477780505
