language,prop_deprecated
Ruby,0.05228919993544317
JavaScript,0.04985345126471788
CSS,0.028984697512060027
PHP,0.01722485758939941
HTML,0.011868586860003675
Java,0.005411950052514879
Python,0.002385297290791248
C#,0.0012565728726626109
C,0.0008003928308372208
C++,0.000670798455928953
