language,prop_no_license
C#,0.17351760992676998
Java,0.07558433222746445
Ruby,0.06702264624323254
JavaScript,0.044435653726492254
CSS,0.02659491390049002
HTML,0.017028746532869024
PHP,0.014900665285160165
Python,0.012206704033189797
C++,0.00447198970619302
C,0.0028578443407807513
