language,average_dependency_count
JavaScript,66.3973757386726
CSS,54.92597379149126
HTML,50.153970304927334
Ruby,50.08822596884814
PHP,37.41954883416525
C,35.55582149474984
C++,27.610998387180718
C#,20.723415906422165
Python,13.426534283392312
Java,13.097393580123205
