language,prop_no_readme
C#,0.176493211859432
Java,0.14893719887301402
Ruby,0.13164641929662396
Python,0.13163581243351102
JavaScript,0.11546085338864358
PHP,0.07457111918516768
CSS,0.07390297884876429
HTML,0.045519796961003424
C++,0.0120359624791833
C,0.008174155004501187
